5825c9d1deb6572b6dba440d5c6482bf.png,1111111111111,584,501,1621,466,1677,1253,593,1285,11111111111111111111111111111111111111111111111111111111111111111111111111111111111111111111111
f9bf5d96a0cf5d64aac4eb5806554224.png,1111111111111,695,471,1797,534,1716,1260,623,1058,11111111111111111111111111111111111111111111111111111111111111111111111111111111111111111111111
a154b624c06072da1a01c97ebc3894c1.png,1111111111111,556,496,1532,352,1582,704,611,853,11111111111111111111111111111111111111111111111111111111111111111111111111111111111111111111111
749003091876fc58be69db54bbaae8f1.png,1111111111111,538,274,1521,238,1537,564,542,596,11111111111111111111111111111111111111111111111111111111111111111111111111111111111111111111111
560ca4ac1260313eb5979140c4f9ef31.png,1111111111111,570,254,1587,277,1613,667,686,717,11111111111111111111111111111111111111111111111111111111111111111111111111111111111111111111111
2bc877416a54aea8a94227ce9d1e5d1f.png,1111111111111,469,312,1336,278,1368,689,483,736,11111111111111111111111111111111111111111111111111111111111111111111111111111111111111111111111
589b454c920322816d8df0494cb07bba.png,1111111111111,331,301,812,298,852,1377,355,1377,11111111111111111111111111111111111111111111111111111111111111111111111111111111111111111111111
cd82f250fa1ff45ae2eada5d91ed90a2.png,1111111111111,273,211,768,211,770,570,271,571,11111111111111111111111111111111111111111111111111111111111111111111111111111111111111111111111
2ebb873b5b1a0c782e8432cf3a82d71f.png,1111111111111,537,367,1483,266,1523,578,557,687,11111111111111111111111111111111111111111111111111111111111111111111111111111111111111111111111
36824964d90c9e9ebc65eeb1b0438c66.png,1111111111111,619,481,1695,493,1746,1311,558,1314,11111111111111111111111111111111111111111111111111111111111111111111111111111111111111111111111
365df19a3155c1019ea182329a074f47.png,1111111111111,605,433,1720,458,1734,1171,601,1184,11111111111111111111111111111111111111111111111111111111111111111111111111111111111111111111111
c3c5e1e6da39334c32873c0cf4eeb9ec.png,1111111111111,489,387,1355,392,1362,1032,471,1027,11111111111111111111111111111111111111111111111111111111111111111111111111111111111111111111111
54c516c07afe31075266f04a04d2d03a.png,1111111111111,591,294,1701,316,1697,763,582,763,11111111111111111111111111111111111111111111111111111111111111111111111111111111111111111111111
7ba840fa58126ec78764d77ee9720a27.png,1111111111111,479,236,1366,238,1377,603,472,605,11111111111111111111111111111111111111111111111111111111111111111111111111111111111111111111111
fedcc45b69bb6c40c4599bbb499ee365.png,1111111111111,374,183,1042,195,1039,463,363,462,11111111111111111111111111111111111111111111111111111111111111111111111111111111111111111111111
6c0923f882043d8ab709537da2813042.png,1111111111111,344,270,960,226,986,542,354,594,11111111111111111111111111111111111111111111111111111111111111111111111111111111111111111111111
aab7bd3438de5ce40c4c7de3db0ecf23.png,1111111111111,644,424,1937,431,1957,1097,644,1116,11111111111111111111111111111111111111111111111111111111111111111111111111111111111111111111111
7711af7efa618bf29db3e2ad72ee534a.png,1111111111111,450,242,1289,235,1293,613,450,620,11111111111111111111111111111111111111111111111111111111111111111111111111111111111111111111111
d0581f8681b200dc78ef271460905612.png,1111111111111,602,246,1702,244,1720,611,597,620,11111111111111111111111111111111111111111111111111111111111111111111111111111111111111111111111
40ed826ebe0916f70999c831fc078faf.png,1111111111111,438,181,1248,193,1251,462,434,456,11111111111111111111111111111111111111111111111111111111111111111111111111111111111111111111111
1cd72c7dcf77e1b8a401c0a7b41573c8.png,1111111111111,373,206,1046,217,1060,539,370,539,11111111111111111111111111111111111111111111111111111111111111111111111111111111111111111111111
632cf29db1b4cfb252d20edba6508639.png,1111111111111,574,241,1535,326,1551,612,533,592,11111111111111111111111111111111111111111111111111111111111111111111111111111111111111111111111
eddb324b906534e158177f022a1ca3b4.png,1111111111111,710,395,1952,425,1962,1047,691,1080,11111111111111111111111111111111111111111111111111111111111111111111111111111111111111111111111
f7c811258e32c7150ff454bf419e8bc7.png,1111111111111,77,49,209,38,221,86,83,97,11111111111111111111111111111111111111111111111111111111111111111111111111111111111111111111111
2de6d574d39d2c8fcb700ab62fa25e94.png,1111111111111,310,146,881,134,895,337,312,345,11111111111111111111111111111111111111111111111111111111111111111111111111111111111111111111111
099574d0f797fe2519686fd1e724ebf3.png,1111111111111,239,138,667,130,686,339,249,341,11111111111111111111111111111111111111111111111111111111111111111111111111111111111111111111111
429394b77b7a164916bbf2a8a824f30e.png,1111111111111,272,442,1227,374,1248,942,299,993,11111111111111111111111111111111111111111111111111111111111111111111111111111111111111111111111
a6522bc3e9d7207451c564c3bb4a89b8.png,1111111111111,543,207,1544,263,1491,542,539,463,11111111111111111111111111111111111111111111111111111111111111111111111111111111111111111111111
8119f75cd210f514dda33eab7d64b9d6.png,1111111111111,421,332,1169,347,1166,898,406,888,11111111111111111111111111111111111111111111111111111111111111111111111111111111111111111111111
157a4b17084b43ef3b572dd7267e76d0.png,1111111111111,576,241,1651,267,1658,614,572,577,11111111111111111111111111111111111111111111111111111111111111111111111111111111111111111111111
d0adf4fa6ec14c14d53e210a9a279e75.png,1111111111111,196,129,1230,174,1206,674,162,624,11111111111111111111111111111111111111111111111111111111111111111111111111111111111111111111111
ad33d4cb49ac5a476768dd96b6eed78e.png,1111111111111,769,919,1449,551,1458,672,756,967,11111111111111111111111111111111111111111111111111111111111111111111111111111111111111111111111
88cb4b415dac218527ecc74dc6df522c.png,1111111111111,410,218,1169,208,1157,548,410,545,11111111111111111111111111111111111111111111111111111111111111111111111111111111111111111111111
aa43c03597169dc7c6b5c41c47f7e0ad.png,1111111111111,545,349,1569,342,1586,904,545,906,11111111111111111111111111111111111111111111111111111111111111111111111111111111111111111111111
97376e1b07bd92b927f4e8508fda19a2.png,1111111111111,705,239,1932,318,1885,710,671,616,11111111111111111111111111111111111111111111111111111111111111111111111111111111111111111111111
8119dd3a93dbf4e27cc3ba7262bd311e.png,1111111111111,576,254,1615,249,1634,612,592,616,11111111111111111111111111111111111111111111111111111111111111111111111111111111111111111111111
e7eb0c61166a35f7be5885481a3ea822.png,1111111111111,547,250,1534,229,1550,583,555,578,11111111111111111111111111111111111111111111111111111111111111111111111111111111111111111111111
bd977af95e836c9dee8918e024f6ac9f.png,1111111111111,570,256,1620,217,1637,532,570,567,11111111111111111111111111111111111111111111111111111111111111111111111111111111111111111111111
4391a02a103037aa5b77e676f48213d8.png,1111111111111,641,443,1794,272,1833,556,666,699,11111111111111111111111111111111111111111111111111111111111111111111111111111111111111111111111
5b972b1719a7b56b69cfecaf7030705f.png,1111111111111,374,353,1691,441,1691,836,315,766,11111111111111111111111111111111111111111111111111111111111111111111111111111111111111111111111
065c4a67725752b09302b0a6a5ad3971.png,1111111111111,854,368,2338,133,2477,755,947,970,11111111111111111111111111111111111111111111111111111111111111111111111111111111111111111111111
5bff157e9089eae875de1eb057e4ab27.png,1111111111111,493,246,1382,196,1401,412,496,451,11111111111111111111111111111111111111111111111111111111111111111111111111111111111111111111111
6cda80c14779289c3a3afcea4ef8f880.png,1111111111111,498,214,1408,189,1430,455,494,477,11111111111111111111111111111111111111111111111111111111111111111111111111111111111111111111111
58a2f243e9fdebb829c9aa954c1ced6a.png,1111111111111,830,323,2274,231,2308,488,835,551,11111111111111111111111111111111111111111111111111111111111111111111111111111111111111111111111
4de809d33c56a83ae75f4ed10a027998.png,1111111111111,533,665,968,603,1118,1862,630,1909,11111111111111111111111111111111111111111111111111111111111111111111111111111111111111111111111
3c2daadda4f2cea3924df756aa363ec7.png,1111111111111,681,472,1749,573,1707,917,752,866,11111111111111111111111111111111111111111111111111111111111111111111111111111111111111111111111
941206fe88e2034b2f9e1f6ffc90070a.png,1111111111111,187,10,1790,7,1807,544,187,592,11111111111111111111111111111111111111111111111111111111111111111111111111111111111111111111111
cdace7e42905482180185afe7d8d3fa0.png,1111111111111,737,893,1532,893,1557,3282,757,3290,11111111111111111111111111111111111111111111111111111111111111111111111111111111111111111111111
10c9065a00b9bea9b741208b2679cf76.png,1111111111111,796,570,2156,776,2179,1493,685,1467,11111111111111111111111111111111111111111111111111111111111111111111111111111111111111111111111
c1fa89750734038a460cd1ca25e595e6.png,1111111111111,441,740,2615,698,2569,1860,552,1908,11111111111111111111111111111111111111111111111111111111111111111111111111111111111111111111111
e7979371f1f2b49b63b33d625e51d2d5.png,1111111111111,728,484,2163,402,2186,945,763,1033,11111111111111111111111111111111111111111111111111111111111111111111111111111111111111111111111
b6a7f81f78800c77b3c27b45531ee0c4.png,1111111111111,348,875,2266,779,2342,1932,412,2097,11111111111111111111111111111111111111111111111111111111111111111111111111111111111111111111111
16cd16966b3339632b8dbce36225237c.png,1111111111111,215,672,1819,571,1819,1349,283,1539,11111111111111111111111111111111111111111111111111111111111111111111111111111111111111111111111
c8d3c60c36581b2edab0bb647e48f694.png,1111111111111,430,784,2121,728,2139,1907,523,1993,11111111111111111111111111111111111111111111111111111111111111111111111111111111111111111111111
f3ff64553032c54e8f603cdf68600adf.png,1111111111111,626,641,1809,582,1956,1414,647,1569,11111111111111111111111111111111111111111111111111111111111111111111111111111111111111111111111
ca5bb0eddd893fb4b0e5ffa8f351412e.png,1111111111111,266,135,1744,82,1811,1095,292,1189,11111111111111111111111111111111111111111111111111111111111111111111111111111111111111111111111
021e9179bdd3287d873de5208535b4a7.png,1111111111111,753,335,2143,360,2168,790,753,822,11111111111111111111111111111111111111111111111111111111111111111111111111111111111111111111111
a417bfe1b2ea0e2ac15c92db789ff500.png,1111111111111,101,309,1044,254,1070,594,115,649,11111111111111111111111111111111111111111111111111111111111111111111111111111111111111111111111
36218303d390a25f042fb9844133e911.png,1111111111111,518,205,1468,215,1475,508,511,505,11111111111111111111111111111111111111111111111111111111111111111111111111111111111111111111111
afd709c701704672c18db8d2684e0ae6.png,1111111111111,484,763,942,700,1126,1929,707,1908,11111111111111111111111111111111111111111111111111111111111111111111111111111111111111111111111
1b40467bc7b1623a8c957719fcf61b54.png,1111111111111,635,326,1809,291,1823,684,654,719,11111111111111111111111111111111111111111111111111111111111111111111111111111111111111111111111
19b01a2c6deeda40dbbdc6c54b7b6497.png,1111111111111,556,163,1575,181,1492,452,544,400,11111111111111111111111111111111111111111111111111111111111111111111111111111111111111111111111
cc05f96fd5e98ca1243693586aacba88.png,1111111111111,600,336,1781,300,1795,732,609,770,11111111111111111111111111111111111111111111111111111111111111111111111111111111111111111111111
5e6e9e51d51b1f0a0eb5815e009200af.png,1111111111111,225,479,733,465,774,1307,257,1332,11111111111111111111111111111111111111111111111111111111111111111111111111111111111111111111111
698e5fd96d25b1cc96b5711091172345.png,1111111111111,198,525,469,529,482,1511,213,1519,11111111111111111111111111111111111111111111111111111111111111111111111111111111111111111111111
48e4ee3749f5e786d2160d5081a4640f.png,1111111111111,171,86,472,92,476,226,163,228,11111111111111111111111111111111111111111111111111111111111111111111111111111111111111111111111
b1ed0a3f257cf01212f4285dadd38f21.png,1111111111111,345,392,736,434,707,1131,279,1101,11111111111111111111111111111111111111111111111111111111111111111111111111111111111111111111111
f2ce1cdeaeb9992376a475c51fda2b7b.png,1111111111111,238,426,510,436,471,1237,195,1227,11111111111111111111111111111111111111111111111111111111111111111111111111111111111111111111111
96e66885affdc2a79ac0789318a3d530.png,1111111111111,525,437,1432,320,1495,726,572,836,11111111111111111111111111111111111111111111111111111111111111111111111111111111111111111111111
3611f7a3a6cdd3dac9979517b736cf6a.png,1111111111111,336,441,899,429,924,1235,354,1247,11111111111111111111111111111111111111111111111111111111111111111111111111111111111111111111111
dc706a5a1d6f8987b93bca7c2e737746.png,1111111111111,630,361,1796,322,1823,805,640,824,11111111111111111111111111111111111111111111111111111111111111111111111111111111111111111111111
bd73209510e733ac86f830442074385a.png,1111111111111,723,272,2062,214,1960,527,801,586,11111111111111111111111111111111111111111111111111111111111111111111111111111111111111111111111
2927ce6ceccad5fab23e5b332894c5e1.png,1111111111111,662,315,1909,288,1913,710,666,763,11111111111111111111111111111111111111111111111111111111111111111111111111111111111111111111111
e083bf4d3c80b00698abdf7b4e769a8c.png,1111111111111,311,268,806,221,856,443,349,518,11111111111111111111111111111111111111111111111111111111111111111111111111111111111111111111111
710eb9174efd4f943aa75c79e89a5bdc.png,1111111111111,777,975,1685,950,1698,3713,831,3721,11111111111111111111111111111111111111111111111111111111111111111111111111111111111111111111111
e8c43ae814911c4622987809d4850336.png,1111111111111,806,666,1737,674,1746,3485,880,3501,11111111111111111111111111111111111111111111111111111111111111111111111111111111111111111111111
37de452d05e9ecbed02a3966a1fa71b2.png,1111111111111,685,1121,1393,1170,1443,3615,673,3656,11111111111111111111111111111111111111111111111111111111111111111111111111111111111111111111111
a6e233ce71def579f34570953163d255.png,1111111111111,845,942,3225,942,3258,2198,845,2297,11111111111111111111111111111111111111111111111111111111111111111111111111111111111111111111111
b9a2dedf327a793702b3c1ccad171dea.png,1111111111111,459,360,1252,279,1311,663,476,739,11111111111111111111111111111111111111111111111111111111111111111111111111111111111111111111111
d28f09879d22495e4ec234a5287a6c30.png,1111111111111,206,476,490,480,526,1335,221,1339,11111111111111111111111111111111111111111111111111111111111111111111111111111111111111111111111
1105913212699e2e8a558191113acbd7.png,1111111111111,336,537,762,497,914,1274,461,1342,11111111111111111111111111111111111111111111111111111111111111111111111111111111111111111111111
c683d3627b6766ef1acd6efd52316be8.png,1111111111111,743,1308,2358,1226,2407,3420,859,3428,11111111111111111111111111111111111111111111111111111111111111111111111111111111111111111111111
ffe23e3a864dd809237d289e81083a0d.png,1111111111111,796,517,3160,420,3103,1063,901,1220,11111111111111111111111111111111111111111111111111111111111111111111111111111111111111111111111
9f627a286049886c0f3232a2469b3cc9.png,1111111111111,305,607,780,602,790,1936,305,1931,11111111111111111111111111111111111111111111111111111111111111111111111111111111111111111111111
ab30ca615e3fb75d5bcbf0b1aa663f69.png,1111111111111,550,468,1501,487,1469,1893,522,1888,11111111111111111111111111111111111111111111111111111111111111111111111111111111111111111111111
99a0962609cf1f72e6990b0d1c8cf3fe.png,1111111111111,485,631,1328,669,1283,1936,464,1960,11111111111111111111111111111111111111111111111111111111111111111111111111111111111111111111111
00f3d3d8b60ef559304ff51cadaf4fb1.png,1111111111111,441,662,1242,680,1259,1922,438,1944,11111111111111111111111111111111111111111111111111111111111111111111111111111111111111111111111
c5593983feae425b9a2117279450d5d4.png,1111111111111,372,525,868,585,836,1502,328,1474,11111111111111111111111111111111111111111111111111111111111111111111111111111111111111111111111
a7f9f2ac26ac6d10009611e290adb470.png,1111111111111,452,416,1039,449,954,1343,399,1339,11111111111111111111111111111111111111111111111111111111111111111111111111111111111111111111111
e5a9138a94f2ed782a77f2ef4b0a5e24.png,1111111111111,536,518,1295,536,1233,1681,481,1645,11111111111111111111111111111111111111111111111111111111111111111111111111111111111111111111111
7e56f424b1cd4515c744543907e89663.png,1111111111111,699,172,1551,234,1441,1726,576,1702,11111111111111111111111111111111111111111111111111111111111111111111111111111111111111111111111
4e19d13913850c634fa6ca54850b6914.png,1111111111111,110,326,245,317,240,893,97,895,11111111111111111111111111111111111111111111111111111111111111111111111111111111111111111111111
144b3c6678312a8dddaaa713c9f56a71.png,1111111111111,262,557,609,533,660,1511,335,1539,11111111111111111111111111111111111111111111111111111111111111111111111111111111111111111111111
e5aa00f9b8978a02f20e4ca017bb6d80.png,1111111111111,415,210,1186,175,1183,425,418,450,11111111111111111111111111111111111111111111111111111111111111111111111111111111111111111111111
97b2e27686dbb54b20cfbf9696d430f1.png,1111111111111,418,530,1036,493,1126,1408,499,1408,11111111111111111111111111111111111111111111111111111111111111111111111111111111111111111111111
bf547f52301ee51df5faf1a6dc678740.png,1111111111111,806,262,2048,301,2099,2165,851,2199,11111111111111111111111111111111111111111111111111111111111111111111111111111111111111111111111
d7d7c5f9109aa31aff407eeab054bfc7.png,1111111111111,442,702,1106,631,1173,2022,593,1960,11111111111111111111111111111111111111111111111111111111111111111111111111111111111111111111111
d6230eb6dc78728c09024eb674c427ef.png,1111111111111,246,517,593,509,631,1439,304,1454,11111111111111111111111111111111111111111111111111111111111111111111111111111111111111111111111
f534d421c7e36d6133a5e9031a7e2dd5.png,1111111111111,231,506,630,492,649,1955,261,1945,11111111111111111111111111111111111111111111111111111111111111111111111111111111111111111111111
2e83c9d27bbdb98505c76a19f19cb9d7.png,1111111111111,172,472,427,468,429,1356,175,1363,11111111111111111111111111111111111111111111111111111111111111111111111111111111111111111111111
